id,name,email,department
1,Amby Rasmus,arasmus0@vkontakte.ru,Product Management
2,Moise Trudgion,mtrudgion1@sciencedirect.com,Sales
3,Lily Esley,lesley2@wiley.com,Engineering
4,Frannie Faccini,ffaccini3@1und1.de,Legal
5,Dorey Beames,dbeames4@va.gov,Business Development
6,Conny Ruske,cruske5@nymag.com,Business Development
7,Hallsy Soppett,hsoppett6@japanpost.jp,Accounting
8,Lucius Baldoni,lbaldoni7@nydailynews.com,Training
9,Othelia Bowers,obowers8@google.co.jp,Legal
10,Leeann Linley,llinley9@geocities.jp,Engineering
11,Randolf Carwithen,rcarwithena@ca.gov,Services
12,Cassondra Strowthers,cstrowthersb@csmonitor.com,Services
13,Yetty Oldfield,yoldfieldc@hibu.com,Legal
14,Teirtza Rugge,trugged@squidoo.com,Legal
15,Teri Grishakin,tgrishakine@twitpic.com,Sales
16,Emmit Ever,eeverf@quantcast.com,Marketing
17,Jolene Bentick,jbentickg@w3.org,Services
18,Stirling Colerick,scolerickh@yellowbook.com,Product Management
19,Maridel Ticehurst,mticehursti@aboutads.info,Legal
20,Kathryne Whetton,kwhettonj@shutterfly.com,Business Development
21,Wyatan McKaile,wmckailek@nsw.gov.au,Services
22,Belle Yurmanovev,byurmanovevl@apache.org,Legal
23,Creight Yeaman,cyeamanm@cnbc.com,Business Development
24,Marlow Jouhan,mjouhann@craigslist.org,Human Resources
25,Ephraim Bloomfield,ebloomfieldo@printfriendly.com,Engineering
26,Mel Caldicot,mcaldicotp@php.net,Marketing
27,Xymenes MacGragh,xmacgraghq@marriott.com,Training
28,Eldredge Cremer,ecremerr@addthis.com,Product Management
29,Mercy Bellenger,mbellengers@wordpress.org,Engineering
30,Eugen Spellicy,espellicyt@state.tx.us,Engineering
31,Tucker Roles,trolesu@amazonaws.com,Engineering
32,Lorie Poulter,lpoulterv@t-online.de,Training
33,Debbie Goulden,dgouldenw@cyberchimps.com,Marketing
34,Krystyna Hedde,kheddex@state.gov,Sales
35,Nikita Stuttman,nstuttmany@toplist.cz,Research and Development
36,Shellie Capelen,scapelenz@posterous.com,Support
37,Glyn Draper,gdraper10@typepad.com,Support
38,Elene Thonason,ethonason11@theatlantic.com,Business Development
39,Lind Dupre,ldupre12@mozilla.org,Legal
40,Karlyn Tinner,ktinner13@bravesites.com,Product Management
41,Dix Sigmund,dsigmund14@archive.org,Sales
42,Sashenka Roux,sroux15@businessinsider.com,Support
43,Gerri MacDonogh,gmacdonogh16@forbes.com,Research and Development
44,Annemarie Calafato,acalafato17@sciencedaily.com,Engineering
45,Kelsey Gonning,kgonning18@slate.com,Business Development
46,Neill MacAllaster,nmacallaster19@time.com,Legal
47,Julia Barneveld,jbarneveld1a@mapy.cz,Training
48,Lyda Grose,lgrose1b@mlb.com,Marketing
49,Elijah Sargison,esargison1c@dot.gov,Support
50,Allison Blumsom,ablumsom1d@joomla.org,Services
51,Cassie Weigh,cweigh1e@rambler.ru,Support
52,Jasun Anglish,janglish1f@oaic.gov.au,Sales
53,Carmon Yurygyn,cyurygyn1g@reddit.com,Support
54,Hana Yousef,hyousef1h@cnet.com,Product Management
55,Scarface Collick,scollick1i@usda.gov,Human Resources
56,Calla Morgue,cmorgue1j@ucla.edu,Human Resources
57,Cristian Few,cfew1k@rambler.ru,Engineering
58,Callean Goede,cgoede1l@example.com,Product Management
59,Keriann Cudby,kcudby1m@seattletimes.com,Training
60,Hobart Parzizek,hparzizek1n@shinystat.com,Support
61,Raoul Ianno,rianno1o@goo.gl,Engineering
62,Dianemarie Pidcock,dpidcock1p@princeton.edu,Support
63,Renato Wallis,rwallis1q@ed.gov,Training
64,Skippy Emblem,semblem1r@tuttocitta.it,Research and Development
65,Clementius Evequot,cevequot1s@forbes.com,Product Management
66,Kathy Castro,kcastro1t@xrea.com,Research and Development
67,Aile Steuhlmeyer,asteuhlmeyer1u@odnoklassniki.ru,Support
68,Esra Dicty,edicty1v@altervista.org,Research and Development
69,Dido McCosh,dmccosh1w@gmpg.org,Engineering
70,Micky Drinkel,mdrinkel1x@home.pl,Sales
71,Jayson Hrinchishin,jhrinchishin1y@abc.net.au,Human Resources
72,Gordy Burmaster,gburmaster1z@dmoz.org,Marketing
73,Price McLeoid,pmcleoid20@imdb.com,Services
74,Micki Foster-Smith,mfostersmith21@hhs.gov,Research and Development
75,Phillipe O'Collopy,pocollopy22@cbc.ca,Human Resources
76,Ronalda Briance,rbriance23@cbslocal.com,Sales
77,Iormina Skillington,iskillington24@yahoo.com,Human Resources
78,Netti Havard,nhavard25@spiegel.de,Services
79,Millisent Toynbee,mtoynbee26@issuu.com,Sales
80,Che Ellacott,cellacott27@domainmarket.com,Accounting
81,Baudoin Rousel,brousel28@cafepress.com,Human Resources
82,Andromache Gowland,agowland29@tripod.com,Human Resources
83,Estel Overlow,eoverlow2a@1und1.de,Support
84,Sherman Larvor,slarvor2b@stumbleupon.com,Human Resources
85,Silvio Westall,swestall2c@google.it,Product Management
86,Othelia Robroe,orobroe2d@deliciousdays.com,Human Resources
87,Whitney MacCrackan,wmaccrackan2e@senate.gov,Training
88,Tammi Jiruca,tjiruca2f@nydailynews.com,Training
89,Ruperta Willbond,rwillbond2g@theguardian.com,Support
90,Cherrita Ferrettini,cferrettini2h@arizona.edu,Marketing
91,Pascal Willshire,pwillshire2i@rambler.ru,Legal
92,Sharity Leare,sleare2j@is.gd,Sales
93,Raye Ibel,ribel2k@boston.com,Engineering
94,Jeremie Di Domenico,jdi2l@wordpress.com,Engineering
95,Niels Olech,nolech2m@hibu.com,Services
96,Jarrod Groger,jgroger2n@ox.ac.uk,Human Resources
97,Clemens Finnimore,cfinnimore2o@zimbio.com,Marketing
98,Vittoria Dance,vdance2p@ask.com,Marketing
99,Fleurette Bewshaw,fbewshaw2q@wikia.com,Training
100,Wallis Rolston,wrolston2r@miitbeian.gov.cn,Engineering
101,Tasha Castellone,tcastellone2s@cisco.com,Research and Development
102,Laureen Titterell,ltitterell2t@theguardian.com,Accounting
103,Stefania Thying,sthying2u@theatlantic.com,Accounting
104,Deni Gange,dgange2v@typepad.com,Accounting
105,Tiena Snassell,tsnassell2w@youku.com,Marketing
106,Almire Winckle,awinckle2x@howstuffworks.com,Accounting
107,Gabriel Pomfret,gpomfret2y@meetup.com,Accounting
108,Monti Chesson,mchesson2z@odnoklassniki.ru,Services
109,Eileen Freezer,efreezer30@theglobeandmail.com,Research and Development
110,Bay Clarage,bclarage31@sphinn.com,Marketing
111,Gay Linsey,glinsey32@slideshare.net,Research and Development
112,Emlynn Spores,espores33@hubpages.com,Accounting
113,Ree Althorpe,ralthorpe34@woothemes.com,Sales
114,Elnore Vedekhin,evedekhin35@census.gov,Business Development
115,Vida Ewells,vewells36@yahoo.co.jp,Accounting
116,Onfroi Michelotti,omichelotti37@chron.com,Research and Development
117,Nat Bolens,nbolens38@clickbank.net,Accounting
118,Cherise Frede,cfrede39@vimeo.com,Business Development
119,Rex Shambroke,rshambroke3a@chron.com,Marketing
120,Vanya Wesley,vwesley3b@e-recht24.de,Services
121,Dannel Paulich,dpaulich3c@ow.ly,Support
122,Amity Chataignier,achataignier3d@newyorker.com,Sales
123,Jeth Bowstead,jbowstead3e@oracle.com,Research and Development
124,Hew Harryman,hharryman3f@google.com,Human Resources
125,Jeffry McGreary,jmcgreary3g@ted.com,Product Management
126,Olivia McDoual,omcdoual3h@google.co.uk,Support
127,Genny Curness,gcurness3i@trellian.com,Product Management
128,Aida Burchnall,aburchnall3j@wikipedia.org,Services
129,Genevra Pedrol,gpedrol3k@livejournal.com,Engineering
130,Bard Bussetti,bbussetti3l@wufoo.com,Engineering
131,Lynnea Antrum,lantrum3m@drupal.org,Support
132,Silvan Ramelet,sramelet3n@boston.com,Research and Development
133,Lorilyn Hoffner,lhoffner3o@blogtalkradio.com,Marketing
134,Clary Yurkin,cyurkin3p@nbcnews.com,Sales
135,Drucy Rigeby,drigeby3q@bbb.org,Engineering
136,Hermina Antyukhin,hantyukhin3r@yahoo.com,Business Development
137,Velma Farry,vfarry3s@pinterest.com,Legal
138,Marleen Inglefield,minglefield3t@boston.com,Legal
139,Demetri Dallison,ddallison3u@wix.com,Engineering
140,Ax Riep,ariep3v@wsj.com,Sales
141,Worden Monaghan,wmonaghan3w@feedburner.com,Research and Development
142,Shaina Deguara,sdeguara3x@ucoz.com,Research and Development
143,Johnathan Bragginton,jbragginton3y@mail.ru,Engineering
144,Lorraine Jarrel,ljarrel3z@timesonline.co.uk,Product Management
145,Marianne Rubinowitz,mrubinowitz40@diigo.com,Research and Development
146,Deva Luberti,dluberti41@canalblog.com,Human Resources
147,Skippy Maides,smaides42@moonfruit.com,Sales
148,Erik Hockey,ehockey43@tripod.com,Services
149,Zonnya Widdocks,zwiddocks44@time.com,Legal
150,Noe Broxup,nbroxup45@nydailynews.com,Legal
151,Devi Castle,dcastle46@salon.com,Marketing
152,Hatti Gergus,hgergus47@ocn.ne.jp,Business Development
153,Arney Ambrogioli,aambrogioli48@java.com,Training
154,Hillyer Canavan,hcanavan49@msn.com,Human Resources
155,Milty Bilyard,mbilyard4a@hp.com,Support
156,Rudolph Bamlet,rbamlet4b@a8.net,Research and Development
157,Tadeo Haselden,thaselden4c@wunderground.com,Accounting
158,Owen McGoogan,omcgoogan4d@howstuffworks.com,Sales
159,Bonnie Mantha,bmantha4e@fc2.com,Product Management
160,Joanne Hulburd,jhulburd4f@businessweek.com,Services
161,Tiertza Cearley,tcearley4g@360.cn,Marketing
162,Bertha Dunstone,bdunstone4h@gravatar.com,Human Resources
163,Avram Dobby,adobby4i@about.me,Business Development
164,Marylynne Davenport,mdavenport4j@cisco.com,Sales
165,Hetty Bertomeu,hbertomeu4k@bing.com,Support
166,Allianora O'Connor,aoconnor4l@ftc.gov,Services
167,Dianna Fowlestone,dfowlestone4m@xing.com,Legal
168,Loydie Couvet,lcouvet4n@lulu.com,Business Development
169,Ariel Bantick,abantick4o@ihg.com,Product Management
170,Raoul Ivanchov,rivanchov4p@ihg.com,Human Resources
171,Elijah Jost,ejost4q@smh.com.au,Research and Development
172,Sydney Offen,soffen4r@nymag.com,Services
173,Madel Shiers,mshiers4s@ox.ac.uk,Sales
174,Felicio Pietruszka,fpietruszka4t@nymag.com,Sales
175,Yasmeen Neary,yneary4u@yale.edu,Training
176,Rheta Kempson,rkempson4v@soup.io,Business Development
177,Nariko Hillock,nhillock4w@gnu.org,Services
178,Gothart Ewington,gewington4x@census.gov,Research and Development
179,Jard Gellan,jgellan4y@sakura.ne.jp,Services
180,Petronia Fynan,pfynan4z@hostgator.com,Research and Development
181,Cherrita Morsom,cmorsom50@marketwatch.com,Training
182,Sher Serfati,sserfati51@ted.com,Engineering
183,Madelle Peert,mpeert52@prlog.org,Business Development
184,Christiane Taberer,ctaberer53@deliciousdays.com,Services
185,Carmine Tibbs,ctibbs54@hexun.com,Training
186,Agneta Huegett,ahuegett55@de.vu,Training
187,Randell Buckles,rbuckles56@deliciousdays.com,Product Management
188,Cynthy Finneran,cfinneran57@jiathis.com,Sales
189,Kermie Abraham,kabraham58@wikipedia.org,Business Development
190,Tedra Castagneto,tcastagneto59@elegantthemes.com,Accounting
191,Malia Sarjant,msarjant5a@google.pl,Business Development
192,Kikelia Purcell,kpurcell5b@springer.com,Engineering
193,Cherye Tatterton,ctatterton5c@a8.net,Engineering
194,Pavla Seignior,pseignior5d@apple.com,Product Management
195,Ulrica Crollman,ucrollman5e@umn.edu,Training
196,Mitchel Josefsohn,mjosefsohn5f@pcworld.com,Research and Development
197,Cordell Palay,cpalay5g@dropbox.com,Legal
198,Ennis Peterkin,epeterkin5h@sakura.ne.jp,Training
199,Bridget Haitlie,bhaitlie5i@sbwire.com,Marketing
200,Ingaborg Cisec,icisec5j@blogspot.com,Accounting
201,Avril Baughn,abaughn5k@biglobe.ne.jp,Training
202,Shawn Wrathmell,swrathmell5l@senate.gov,Business Development
203,Marve Ruhben,mruhben5m@oracle.com,Training
204,Yvon Giovanardi,ygiovanardi5n@mashable.com,Accounting
205,Andriana MacMenamin,amacmenamin5o@imdb.com,Support
206,Xenia Olyonov,xolyonov5p@zimbio.com,Research and Development
207,Keriann Zielinski,kzielinski5q@mediafire.com,Product Management
208,Maire Ledgister,mledgister5r@example.com,Legal
209,Elsi Gravatt,egravatt5s@reddit.com,Business Development
210,Reade Shannahan,rshannahan5t@vimeo.com,Training
211,Foster Brocklebank,fbrocklebank5u@ask.com,Support
212,Charlie Fluck,cfluck5v@yale.edu,Sales
213,Reynolds Gero,rgero5w@squidoo.com,Marketing
214,Malchy Lerohan,mlerohan5x@meetup.com,Human Resources
215,Valery McConnulty,vmcconnulty5y@naver.com,Human Resources
216,Gerrie Verrell,gverrell5z@dmoz.org,Engineering
217,Mellicent Kells,mkells60@harvard.edu,Legal
218,Brucie Tales,btales61@bing.com,Accounting
219,Trefor Ceeley,tceeley62@shareasale.com,Services
220,Chicky Grabban,cgrabban63@webnode.com,Engineering
221,Kerk Shurville,kshurville64@blogger.com,Marketing
222,Florian Leblanc,fleblanc65@narod.ru,Sales
223,Shauna Chapiro,schapiro66@tinypic.com,Research and Development
224,Rosalie Ardron,rardron67@instagram.com,Sales
225,Amandi Dinnage,adinnage68@uol.com.br,Marketing
226,Chevalier Brisco,cbrisco69@instagram.com,Services
227,Lorette Hayball,lhayball6a@sohu.com,Training
228,Nicolas Abdie,nabdie6b@adobe.com,Business Development
229,Marillin Olenchikov,molenchikov6c@bigcartel.com,Accounting
230,Llywellyn Albert,lalbert6d@squarespace.com,Support
231,Riannon Dunguy,rdunguy6e@house.gov,Research and Development
232,Branden Quenell,bquenell6f@cyberchimps.com,Research and Development
233,Concordia Port,cport6g@cnet.com,Training
234,Karalynn Whitemarsh,kwhitemarsh6h@nbcnews.com,Services
235,Ban Clemow,bclemow6i@comsenz.com,Research and Development
236,Arlyn Howkins,ahowkins6j@washington.edu,Accounting
237,Marji Bessent,mbessent6k@psu.edu,Accounting
238,Roobbie Coyte,rcoyte6l@mediafire.com,Business Development
239,Errick Allix,eallix6m@economist.com,Legal
240,Cecilio Tallon,ctallon6n@arizona.edu,Business Development
241,Meryl Brenneke,mbrenneke6o@cargocollective.com,Human Resources
242,Kelci Freckleton,kfreckleton6p@hexun.com,Training
243,Izabel Renner,irenner6q@sogou.com,Services
244,Aubrie Burbidge,aburbidge6r@fda.gov,Engineering
245,Mufi Frostick,mfrostick6s@slashdot.org,Training
246,Michal Glewe,mglewe6t@va.gov,Training
247,Priscilla Brearton,pbrearton6u@theatlantic.com,Support
248,Jackie Fison,jfison6v@usgs.gov,Services
249,Nicoline Revey,nrevey6w@angelfire.com,Training
250,Pennie Lowey,plowey6x@samsung.com,Engineering
251,Charline Hubatsch,chubatsch6y@acquirethisname.com,Accounting
252,Marney Pagin,mpagin6z@wikipedia.org,Business Development
253,Porty Renzini,prenzini70@bing.com,Support
254,Burt Lord,blord71@ask.com,Training
255,Renae Jellicorse,rjellicorse72@e-recht24.de,Research and Development
256,Wandis Izakoff,wizakoff73@ask.com,Engineering
257,Patrick Eles,peles74@youku.com,Marketing
258,Jareb Van Ross,jvan75@meetup.com,Product Management
259,Roberta McClory,rmcclory76@ed.gov,Services
260,Mirilla Wheble,mwheble77@icio.us,Training
261,Liam Itzkin,litzkin78@free.fr,Training
262,Averell Whaley,awhaley79@naver.com,Sales
263,Patty Darko,pdarko7a@sphinn.com,Marketing
264,Shelba Kennedy,skennedy7b@eepurl.com,Human Resources
265,Kasey Figure,kfigure7c@arizona.edu,Sales
266,Philomena Petrushka,ppetrushka7d@unc.edu,Product Management
267,Traver De Francesco,tde7e@chron.com,Product Management
268,Siward de Verson,sde7f@geocities.com,Business Development
269,Susanetta Heathorn,sheathorn7g@rambler.ru,Training
270,Zollie Ventam,zventam7h@si.edu,Legal
271,Leland Puttnam,lputtnam7i@multiply.com,Accounting
272,Mellisent De Winton,mde7j@shinystat.com,Legal
273,Lefty Surgen,lsurgen7k@samsung.com,Services
274,Zaria Herrema,zherrema7l@soup.io,Training
275,Jaymee Borland,jborland7m@economist.com,Research and Development
276,Mommy Marlowe,mmarlowe7n@goo.gl,Marketing
277,Christy Hebner,chebner7o@vistaprint.com,Product Management
278,Kore Jorczyk,kjorczyk7p@columbia.edu,Engineering
279,Staci Fathers,sfathers7q@github.io,Accounting
280,Judas Copley,jcopley7r@cargocollective.com,Marketing
281,Dallas Bowsher,dbowsher7s@dropbox.com,Product Management
282,Quint Gooden,qgooden7t@typepad.com,Training
283,Law Pirot,lpirot7u@twitter.com,Business Development
284,Margarette Faas,mfaas7v@blogtalkradio.com,Legal
285,Collie Lampel,clampel7w@sourceforge.net,Training
286,Tanney Beckmann,tbeckmann7x@webeden.co.uk,Marketing
287,Giraldo Darker,gdarker7y@prnewswire.com,Support
288,Lodovico Plaschke,lplaschke7z@ihg.com,Support
289,Annmarie Dysert,adysert80@cnn.com,Accounting
290,Cliff Easum,ceasum81@wikipedia.org,Sales
291,Roberto Walaron,rwalaron82@apple.com,Business Development
292,Emlynne Ferney,eferney83@nps.gov,Marketing
293,Bridget Meakes,bmeakes84@csmonitor.com,Legal
294,Harlene Dawkins,hdawkins85@squarespace.com,Product Management
295,Rona Lillegard,rlillegard86@independent.co.uk,Sales
296,Deny Bareham,dbareham87@nyu.edu,Engineering
297,Shepard Ghiron,sghiron88@ezinearticles.com,Engineering
298,Esmeralda Jude,ejude89@reddit.com,Business Development
299,Ashil Dun,adun8a@weibo.com,Product Management
300,Johnna Itzkovitch,jitzkovitch8b@yolasite.com,Engineering
301,Chick Barrat,cbarrat8c@rambler.ru,Human Resources
302,Cori Purslow,cpurslow8d@hao123.com,Human Resources
303,Jacky Dudin,jdudin8e@usda.gov,Research and Development
304,Salvador Lettuce,slettuce8f@merriam-webster.com,Accounting
305,Gerladina Rabson,grabson8g@dedecms.com,Human Resources
306,Holmes Nuccii,hnuccii8h@godaddy.com,Human Resources
307,Eliot MacCheyne,emaccheyne8i@telegraph.co.uk,Accounting
308,Jess Robertot,jrobertot8j@google.com.br,Engineering
309,Tomlin Jordi,tjordi8k@nytimes.com,Marketing
310,Hurlee Paley,hpaley8l@deliciousdays.com,Training
311,Bessy Cow,bcow8m@wisc.edu,Human Resources
312,Fabio Bodycomb,fbodycomb8n@mail.ru,Accounting
313,Myrlene Gorger,mgorger8o@go.com,Training
314,Toni Gemmell,tgemmell8p@storify.com,Marketing
315,Ferguson Veale,fveale8q@4shared.com,Product Management
316,Gregory Benit,gbenit8r@fema.gov,Research and Development
317,Almeria Scoggans,ascoggans8s@amazon.co.jp,Training
318,Wilek Tittletross,wtittletross8t@bigcartel.com,Product Management
319,Gleda Luke,gluke8u@yolasite.com,Research and Development
320,Gasper Ainscow,gainscow8v@aol.com,Legal
321,Ammamaria Osipov,aosipov8w@ca.gov,Marketing
322,Vittorio Tewkesbury.,vtewkesbury8x@mozilla.com,Accounting
323,Murdoch Domsalla,mdomsalla8y@opensource.org,Support
324,Kile Putson,kputson8z@joomla.org,Accounting
325,Harlan Onthank,honthank90@dot.gov,Human Resources
326,Jeramey Martill,jmartill91@msu.edu,Accounting
327,Pandora Bourley,pbourley92@jalbum.net,Training
328,Adelheid Kettlesting,akettlesting93@liveinternet.ru,Business Development
329,Lew Carson,lcarson94@jiathis.com,Research and Development
330,Kalinda Luciani,kluciani95@rediff.com,Engineering
331,Osbourn McPhilemy,omcphilemy96@sitemeter.com,Engineering
332,Devin Toffoloni,dtoffoloni97@home.pl,Business Development
333,Trumann Gemnett,tgemnett98@diigo.com,Product Management
334,Ardelia Cowley,acowley99@mac.com,Accounting
335,Obie Bradlaugh,obradlaugh9a@purevolume.com,Support
336,Clint Gorvin,cgorvin9b@cbc.ca,Research and Development
337,Zorana Sherlock,zsherlock9c@icq.com,Business Development
338,Shalom Clerke,sclerke9d@thetimes.co.uk,Support
339,Prissie Zanelli,pzanelli9e@admin.ch,Support
340,Astrix Manach,amanach9f@google.com.hk,Legal
341,Rudiger Paul,rpaul9g@edublogs.org,Human Resources
342,Haily Waller,hwaller9h@ehow.com,Marketing
343,Maddie Gumbley,mgumbley9i@sogou.com,Engineering
344,Ophelia Semrad,osemrad9j@squarespace.com,Human Resources
345,Vale Nye,vnye9k@census.gov,Engineering
346,Mariya Truett,mtruett9l@facebook.com,Product Management
347,Marysa Glazebrook,mglazebrook9m@storify.com,Research and Development
348,Farlay Petcher,fpetcher9n@amazon.de,Product Management
349,Alfons Gaffer,agaffer9o@economist.com,Sales
350,Mickey Gniewosz,mgniewosz9p@artisteer.com,Support
351,Tremayne Alldritt,talldritt9q@thetimes.co.uk,Business Development
352,Nowell Stenbridge,nstenbridge9r@sitemeter.com,Sales
353,Benedict Gainsford,bgainsford9s@simplemachines.org,Human Resources
354,Danyette Whelpton,dwhelpton9t@edublogs.org,Services
355,Fabe Burgess,fburgess9u@topsy.com,Marketing
356,Cleveland Stannis,cstannis9v@microsoft.com,Engineering
357,Ede Foxten,efoxten9w@imageshack.us,Legal
358,Carolina Burnett,cburnett9x@mozilla.com,Human Resources
359,Jillian Garretson,jgarretson9y@blogger.com,Engineering
360,Ashli Goor,agoor9z@wikipedia.org,Human Resources
361,Heddie Weatherup,hweatherupa0@bbc.co.uk,Services
362,Delinda MacShirie,dmacshiriea1@independent.co.uk,Human Resources
363,Hieronymus Goaks,hgoaksa2@unblog.fr,Engineering
364,Effie Hansley,ehansleya3@vkontakte.ru,Sales
365,Karia Mence,kmencea4@europa.eu,Product Management
366,Felike Fulton,ffultona5@tripadvisor.com,Accounting
367,Tabina Stoak,tstoaka6@tmall.com,Sales
368,Christoffer Decourt,cdecourta7@berkeley.edu,Human Resources
369,Daryn Macari,dmacaria8@yandex.ru,Engineering
370,Evania Jurasz,ejurasza9@irs.gov,Legal
371,Ferrell Ambrosoli,fambrosoliaa@cyberchimps.com,Business Development
372,Omero McOrkill,omcorkillab@ebay.co.uk,Product Management
373,Cammy Tims,ctimsac@t-online.de,Services
374,Ambrosi Dany,adanyad@hao123.com,Sales
375,Thorin Spoors,tspoorsae@patch.com,Accounting
376,Karlie Meineck,kmeineckaf@jigsy.com,Research and Development
377,Monika Tweed,mtweedag@g.co,Marketing
378,Elva Gillam,egillamah@google.pl,Human Resources
379,Aksel Hedley,ahedleyai@wix.com,Human Resources
380,Jacky Woollin,jwoollinaj@epa.gov,Marketing
381,Nikolaus Towse,ntowseak@homestead.com,Business Development
382,Omar Cleynman,ocleynmanal@cmu.edu,Support
383,Benson Crosser,bcrosseram@xing.com,Services
384,Law Mouth,lmouthan@goo.gl,Engineering
385,Jasmin Gallo,jgalloao@alexa.com,Marketing
386,Wylma Joreau,wjoreauap@eventbrite.com,Accounting
387,Kari Farlow,kfarlowaq@un.org,Engineering
388,Roxy McAllister,rmcallisterar@tuttocitta.it,Engineering
389,Sashenka Nelle,snelleas@hc360.com,Engineering
390,Bing Bellwood,bbellwoodat@gravatar.com,Support
391,Gareth Scholer,gscholerau@salon.com,Accounting
392,Torrance Kiddie,tkiddieav@sakura.ne.jp,Support
393,Carissa Cruwys,ccruwysaw@furl.net,Business Development
394,Roth Whitwood,rwhitwoodax@princeton.edu,Sales
395,Millard Lanktree,mlanktreeay@eepurl.com,Support
396,Sheree Korda,skordaaz@squarespace.com,Engineering
397,Elva Marlow,emarlowb0@acquirethisname.com,Research and Development
398,Carolann McGraith,cmcgraithb1@google.es,Accounting
399,Charyl Verbruggen,cverbruggenb2@example.com,Accounting
400,Mayne Laslett,mlaslettb3@geocities.com,Sales
401,Magnum Castilljo,mcastilljob4@dell.com,Human Resources
402,Joe Lideard,jlideardb5@admin.ch,Product Management
403,Bess Ness,bnessb6@biglobe.ne.jp,Sales
404,Mic Shilburne,mshilburneb7@soundcloud.com,Business Development
405,Eleonora Trenouth,etrenouthb8@topsy.com,Sales
406,Estel Schiell,eschiellb9@furl.net,Marketing
407,Thorstein Mirams,tmiramsba@google.cn,Research and Development
408,Josiah Foskett,jfoskettbb@fema.gov,Product Management
409,Stanislas Blinerman,sblinermanbc@elpais.com,Research and Development
410,Alaric Fone,afonebd@livejournal.com,Services
411,Nathanil Mawer,nmawerbe@dmoz.org,Product Management
412,Leopold Badini,lbadinibf@independent.co.uk,Legal
413,Geri Margeram,gmargerambg@newyorker.com,Human Resources
414,Justina Dunne,jdunnebh@infoseek.co.jp,Human Resources
415,Leupold Malyan,lmalyanbi@bizjournals.com,Engineering
416,Fin Edgson,fedgsonbj@apple.com,Sales
417,Xylia Connold,xconnoldbk@buzzfeed.com,Business Development
418,Stanislas Greenhough,sgreenhoughbl@opera.com,Human Resources
419,Teddy Terzza,tterzzabm@last.fm,Marketing
420,Lissi Fibbens,lfibbensbn@addtoany.com,Services
421,Gris Kneale,gknealebo@1und1.de,Research and Development
422,Danyelle Immer,dimmerbp@ftc.gov,Legal
423,Budd Whiston,bwhistonbq@flavors.me,Human Resources
424,Penn Blakiston,pblakistonbr@linkedin.com,Engineering
425,Carlos Gandey,cgandeybs@toplist.cz,Human Resources
426,Sibyl Yakunkin,syakunkinbt@go.com,Support
427,Markus Ellett,mellettbu@mac.com,Human Resources
428,Tremaine Godsil,tgodsilbv@guardian.co.uk,Support
429,Claus Prestige,cprestigebw@last.fm,Marketing
430,Ashlan Thunnercliffe,athunnercliffebx@time.com,Support
431,Rickert Brownlee,rbrownleeby@epa.gov,Engineering
432,Alida Dudley,adudleybz@census.gov,Business Development
433,Aimil Veltman,aveltmanc0@phoca.cz,Training
434,Bethena Brogiotti,bbrogiottic1@scientificamerican.com,Legal
435,Norman Mathevet,nmathevetc2@soup.io,Product Management
436,Yankee Batrim,ybatrimc3@liveinternet.ru,Legal
437,Donielle Gatheridge,dgatheridgec4@abc.net.au,Support
438,Kristel Maylor,kmaylorc5@privacy.gov.au,Research and Development
439,Almire Royce,aroycec6@yahoo.co.jp,Support
440,Buddy Wynn,bwynnc7@time.com,Marketing
441,Delphinia Ambrogetti,dambrogettic8@hostgator.com,Support
442,Letta Bridger,lbridgerc9@webmd.com,Engineering
443,Ange Yardley,ayardleyca@china.com.cn,Sales
444,Robyn Titherington,rtitheringtoncb@pbs.org,Support
445,Brantley Shiril,bshirilcc@feedburner.com,Engineering
446,Shani Quiddinton,squiddintoncd@live.com,Support
447,Mimi Chelnam,mchelnamce@amazon.co.jp,Training
448,Odilia Gumbrell,ogumbrellcf@elpais.com,Marketing
449,Fidelity Javes,fjavescg@hp.com,Engineering
450,Hayley Philp,hphilpch@dot.gov,Sales
451,Randi Boddymead,rboddymeadci@usa.gov,Services
452,Tierney Labro,tlabrocj@t-online.de,Research and Development
453,Cleve Bonelle,cbonelleck@prlog.org,Human Resources
454,Adolph Paulson,apaulsoncl@angelfire.com,Training
455,Andi Terrelly,aterrellycm@multiply.com,Sales
456,Leonidas Klees,lkleescn@google.com.au,Accounting
457,Nils Espinha,nespinhaco@cargocollective.com,Engineering
458,Ida MacKegg,imackeggcp@tmall.com,Business Development
459,Ronda Dixey,rdixeycq@bloomberg.com,Services
460,Emily Maleck,emaleckcr@dropbox.com,Sales
461,Kylila Massingham,kmassinghamcs@wix.com,Legal
462,De Fearne,dfearnect@sitemeter.com,Research and Development
463,Delbert Kinnaird,dkinnairdcu@shutterfly.com,Human Resources
464,Ransell Samett,rsamettcv@yahoo.co.jp,Services
465,Aubrette Sliney,aslineycw@addthis.com,Accounting
466,Melisande Scampion,mscampioncx@privacy.gov.au,Legal
467,Ermengarde Philipp,ephilippcy@auda.org.au,Legal
468,Natalee Maggs,nmaggscz@pen.io,Training
469,Myrwyn Crepel,mcrepeld0@timesonline.co.uk,Legal
470,Abran Brackenbury,abrackenburyd1@goo.ne.jp,Legal
471,Rafaela Stollmeyer,rstollmeyerd2@bravesites.com,Engineering
472,Nellie Bryers,nbryersd3@jugem.jp,Accounting
473,Kendell Faccini,kfaccinid4@umich.edu,Human Resources
474,My Deetch,mdeetchd5@com.com,Accounting
475,Sam Orrell,sorrelld6@vistaprint.com,Support
476,Thorvald Esseby,tessebyd7@cbslocal.com,Support
477,Jenica Walling,jwallingd8@businesswire.com,Research and Development
478,Bentley Ziemens,bziemensd9@mit.edu,Training
479,El Farland,efarlandda@taobao.com,Product Management
480,Cart Pickring,cpickringdb@google.ru,Legal
481,Montgomery Smithin,msmithindc@gizmodo.com,Business Development
482,Yale Flower,yflowerdd@rambler.ru,Legal
483,Celesta Smitherham,csmitherhamde@eepurl.com,Engineering
484,Munroe Stickler,msticklerdf@virginia.edu,Research and Development
485,Urbanus Vedyashkin,uvedyashkindg@opera.com,Support
486,Kikelia Abrahamson,kabrahamsondh@mashable.com,Sales
487,Jany Avann,javanndi@china.com.cn,Product Management
488,Flinn Siely,fsielydj@soundcloud.com,Research and Development
489,Roley Janisson,rjanissondk@nih.gov,Services
490,Maximilianus Skylett,mskylettdl@reverbnation.com,Business Development
491,Sidonia Campsall,scampsalldm@typepad.com,Sales
492,Uriel MacGragh,umacgraghdn@bbc.co.uk,Engineering
493,Marylee Haacker,mhaackerdo@answers.com,Product Management
494,Estrella Glanester,eglanesterdp@csmonitor.com,Support
495,Nicolle Cicchelli,ncicchellidq@1und1.de,Accounting
496,Reginald Connerly,rconnerlydr@homestead.com,Legal
497,Karoline Nund,knundds@netvibes.com,Training
498,Jarrid Dorton,jdortondt@miitbeian.gov.cn,Sales
499,Noam Woodcraft,nwoodcraftdu@amazonaws.com,Human Resources
500,Reamonn Ridesdale,rridesdaledv@state.gov,Human Resources
