id,first_name,last_name,email,gender
1,Carin,Yaxley,cyaxley0@blog.com,Female
2,Karalee,Pick,kpick1@cyberchimps.com,Female
3,Tabor,Bickerstaff,tbickerstaff2@moonfruit.com,Male
4,Lind,Anstee,lanstee3@irs.gov,Female
5,Ashley,Bountiff,abountiff4@tiny.cc,Female
6,Pincas,Maytum,pmaytum5@google.com.au,Male
7,Dale,Ramshay,dramshay6@skype.com,Male
8,Farlee,Searl,fsearl7@nature.com,Male
9,Breena,Bracci,bbracci8@reference.com,Female
10,Englebert,Ruddlesden,eruddlesden9@noaa.gov,Male
